{
  "authors": [
    {
      "id": 0,
      "name": "Hubbard Cote"
    },
    {
      "id": 1,
      "name": "Eloise Shepard"
    },
    {
      "id": 2,
      "name": "Ophelia Gallegos"
    },
    {
      "id": 3,
      "name": "Rutledge Burris"
    },
    {
      "id": 4,
      "name": "Peck Leon"
    }
  ],
  "articles": [
    {
      "id": 0,
      "title": "The Humble Programmer (1972) - Dijkstra's overview of the programming universe as he saw it in 1972",
      "author_id": 1
    },
    {
      "id": 1,
      "title": "Real Programmers Don't Use PASCAL (1982)",
      "author_id": 3
    },
    {
      "id": 2,
      "title": "Epigrams on Programming (1982)",
      "author_id": 4
    },
    {
      "id": 3,
      "title": "The Story of Mel (1983)",
      "author_id": 1
    },
    {
      "id": 4,
      "title": "Unix Recovery Legend (1986)",
      "author_id": 2
    },
    {
      "id": 5,
      "title": "The Conscience of a Hacker (1986) - The Hacker Manifesto",
      "author_id": 3
    },
    {
      "id": 6,
      "title": "The Jargon File (1988)",
      "author_id": 4
    },
    {
      "id": 7,
      "title": "A Cypherpunk's Manifesto (1993)",
      "author_id": 4
    },
    {
      "id": 8,
      "title": "The Story of Getting SSH Port 22 (1995)",
      "author_id": 0
    },
    {
      "id": 9,
      "title": "In the Beginning…Was the Command Line (1999)",
      "author_id": 3
    },
    {
      "id": 10,
      "title": "The case of the 500-mile email (2002)",
      "author_id": 4
    },
    {
      "id": 11,
      "title": "UTF-8 history (2003)",
      "author_id": 1
    },
    {
      "id": 12,
      "title": "20 Years — One Standard: The Story of TCP/IP (2003)",
      "author_id": 4
    },
    {
      "id": 13,
      "title": "How Steve Wozniak Wrote BASIC for the Original Apple From Scratch (2014)",
      "author_id": 0
    },
    {
      "id": 14,
      "title": "The Story of the PING Program (undated)",
      "author_id": 2
    }
  ],
  "comments": [
    {
      "id": 0,
      "article_id": 14,
      "text": "Dolor pariatur quis est proident cillum magna. Quis eu minim dolor nulla culpa pariatur nostrud elit sunt ad. Qui dolore aute ullamco proident voluptate magna cillum aliquip aliqua Lorem laboris ut anim. Laboris aute consequat dolor do. Reprehenderit fugiat ullamco consectetur excepteur est ea aliquip ex Lorem anim anim non aliquip. Cupidatat ullamco proident ad reprehenderit laboris reprehenderit. Aliquip in anim laboris ex ea duis consectetur irure et ut. Officia quis ullamco ullamco et aliqua veniam amet. Id exercitation consequat pariatur Lorem consectetur qui nostrud in anim sunt mollit. Nostrud magna laborum pariatur laboris irure do ea aliquip."
    },
    {
      "id": 1,
      "article_id": 9,
      "text": "Lorem reprehenderit Lorem amet incididunt cupidatat esse irure magna qui. Cillum excepteur proident laboris esse dolore sunt enim exercitation laborum ea in. Consectetur amet duis sint reprehenderit nostrud consequat non laboris cupidatat consequat elit fugiat. Nisi sint esse anim do pariatur nulla labore tempor enim occaecat. Officia laborum et cupidatat labore nisi tempor nostrud mollit labore magna ipsum. Nostrud ullamco proident sit nisi aliqua tempor elit eu aliqua id reprehenderit anim laborum qui. Laborum ea ad dolor culpa et ullamco sit eu. Voluptate reprehenderit proident ut labore est deserunt tempor et. Nostrud aliqua aute ad sit. Proident Lorem quis nostrud nulla et."
    },
    {
      "id": 2,
      "article_id": 1,
      "text": "Velit enim proident quis eiusmod dolore tempor id est et. Anim eiusmod sit elit minim adipisicing elit quis cillum commodo ex. Nisi qui nostrud deserunt qui nostrud. Exercitation veniam cillum sint proident esse mollit. Et amet dolore amet commodo veniam ex reprehenderit occaecat enim ea id laboris labore. Incididunt veniam incididunt commodo adipisicing sit fugiat mollit occaecat laborum. In Lorem ex culpa quis ad irure non culpa aliqua esse non. Dolor esse culpa pariatur incididunt deserunt esse deserunt ea laborum commodo voluptate ad ad. Voluptate ullamco ut duis nostrud. Tempor ipsum aliquip irure laboris nulla veniam cupidatat sunt quis sunt."
    }
  ]
}